block_size,time_seconds
16,0.229807
32,0.162968
64,0.148473
128,0.170707
256,0.157992
