N,block_size,time_sec,checksum,GFLOPs
1024,8,0.029845,268310302.3759228587,71.96
1024,16,0.029359,268310302.3759228587,73.15
1024,24,0.034652,268310302.3759228587,61.97
1024,32,0.031993,268310302.3759228587,67.12
