BlockSize,Time(s),Checksum,Cache_Efficiency
16,0.015234,33526118.721088,Poor
32,0.011567,33526118.721088,Good
64,0.009127,33526118.721088,Optimal
128,0.009845,33526118.721088,Good
256,0.012456,33526118.721088,Moderate
