Threads,Time(s),Checksum,Speedup
1,0.043891,33526118.721088,1.00
2,0.024156,33526118.721088,1.82
4,0.013892,33526118.721088,3.16
8,0.009127,33526118.721088,4.81
12,0.007834,33526118.721088,5.60
16,0.007245,33526118.721088,6.06
