BlockSize,Time(s),Checksum
16,0.016902,33526118.7210875191
32,0.012954,33526118.7210875191
64,0.013513,33526118.7210875191
128,0.012325,33526118.7210875191
256,0.022253,33526118.7210875191
