Block Size,Time (s),GFLOPs,Relative Speedup
8,0.029845,71.96,1.16
16,0.029359,73.15,1.18
24,0.034652,61.97,1.0
32,0.031993,67.12,1.08
