Threads,Time (s),Speedup,Efficiency (%)
1,0.043891,1.0,100.0
2,0.024156,1.82,91.0
4,0.013892,3.16,79.0
8,0.009127,4.81,60.1
12,0.007834,5.6,46.7
16,0.007245,6.06,37.9
